enrollment_id,student_id,course_id,enrolled_date,completion_date,status,completion_pct,final_score
1,1,9,2023-12-17,2024-03-03,Completed,100.0,57.3
2,1,5,2024-01-25,,Dropped,31.2,
3,1,3,2024-01-18,,Dropped,39.8,
4,2,9,2023-06-15,,"In Progress",21.5,
5,2,10,2023-08-20,,"In Progress",30.3,
6,2,1,2023-08-14,,"In Progress",31.2,
7,3,1,2022-10-13,,Dropped,26.5,
8,4,7,2022-08-20,,"In Progress",33.6,
9,5,9,2023-09-23,2023-11-25,Completed,100.0,60.4
10,5,12,2023-12-18,,"In Progress",55.5,
11,5,10,2023-11-14,2023-12-26,Completed,100.0,82.2
12,6,12,2022-06-21,,"In Progress",61.5,
13,6,9,2022-06-30,2022-09-22,Completed,100.0,81.4
14,6,6,2022-06-04,,"In Progress",20.4,
15,7,9,2022-11-13,2023-02-05,Completed,100.0,68.9
16,8,11,2023-01-22,2023-04-23,Completed,100.0,60.8
17,8,7,2023-03-20,,Dropped,12.2,
18,9,3,2022-03-21,,Dropped,37.3,
19,10,10,2023-12-11,2024-01-15,Completed,100.0,85.9
20,10,12,2023-12-21,,"In Progress",80.9,
21,11,12,2023-01-28,,"In Progress",48.2,
22,11,5,2023-01-20,,Dropped,19.2,
23,11,10,2022-12-08,,"In Progress",81.5,
24,12,11,2024-01-25,2024-04-25,Completed,100.0,75.5
25,13,4,2022-12-01,2023-02-16,Completed,100.0,83.2
26,14,6,2022-07-12,,"In Progress",39.6,
27,14,5,2022-08-11,,Dropped,8.8,
28,14,4,2022-08-25,,"In Progress",88.2,
29,15,6,2024-01-21,2024-03-03,Completed,100.0,70.0
30,15,3,2024-03-02,2024-04-20,Completed,100.0,73.4
31,15,8,2024-01-17,2024-03-20,Completed,100.0,83.5
32,16,11,2023-09-19,,"In Progress",85.3,
33,17,11,2023-03-14,,"In Progress",34.1,
34,18,3,2022-10-04,2022-11-29,Completed,100.0,90.2
35,19,5,2023-11-01,2024-02-07,Completed,100.0,81.5
36,19,10,2023-10-22,,"In Progress",29.7,
37,20,8,2023-09-17,2023-11-26,Completed,100.0,77.0
38,21,7,2022-12-11,2023-02-05,Completed,100.0,68.6
39,21,11,2023-02-08,,"In Progress",88.1,
40,21,12,2022-11-25,,"In Progress",51.8,
41,22,1,2022-04-08,2022-06-24,Completed,100.0,78.0
42,22,6,2022-04-23,2022-05-28,Completed,100.0,96.1
43,22,4,2022-06-10,,Dropped,36.4,
44,22,9,2022-05-28,,"In Progress",37.3,
45,23,4,2023-07-17,,"In Progress",93.9,
46,23,2,2023-09-24,,"In Progress",26.8,
47,24,10,2023-01-18,,"In Progress",60.8,
48,25,3,2022-05-23,2022-06-27,Completed,100.0,63.9
49,26,8,2022-12-01,,Dropped,11.5,
50,27,1,2023-08-15,,Dropped,32.0,
51,28,3,2023-05-24,2023-07-12,Completed,100.0,90.1
52,29,12,2023-05-24,2023-08-09,Completed,100.0,85.2
53,29,1,2023-05-28,2023-07-30,Completed,100.0,71.4
54,29,5,2023-06-07,,"In Progress",83.4,
55,30,2,2023-03-02,,Dropped,16.2,
56,30,10,2023-02-21,2023-03-21,Completed,100.0,70.3
57,30,1,2023-03-17,2023-06-02,Completed,100.0,68.4
58,31,11,2022-09-05,2022-12-12,Completed,100.0,100.0
59,32,8,2023-09-23,2023-11-04,Completed,100.0,90.1
60,32,7,2023-08-02,2023-10-18,Completed,100.0,63.6
61,32,6,2023-08-06,,"In Progress",20.1,
62,33,11,2022-08-14,,Dropped,38.4,
63,33,5,2022-09-27,2023-01-24,Completed,100.0,60.5
64,33,7,2022-09-12,2022-11-21,Completed,100.0,75.1
65,34,6,2023-04-16,2023-05-14,Completed,100.0,84.6
66,34,10,2023-05-06,2023-05-27,Completed,100.0,53.9
67,34,8,2023-05-22,2023-07-10,Completed,100.0,90.5
68,35,12,2023-08-16,,"In Progress",40.2,
69,35,6,2023-08-23,,"In Progress",57.6,
70,35,9,2023-10-07,2023-12-09,Completed,100.0,84.1
71,35,1,2023-08-19,,"In Progress",53.1,
72,36,12,2023-07-03,2023-10-02,Completed,100.0,80.0
73,36,2,2023-07-09,2023-10-08,Completed,100.0,64.9
74,36,8,2023-09-12,,"In Progress",60.8,
75,37,8,2022-10-12,2022-12-07,Completed,100.0,86.3
76,38,10,2023-09-13,,"In Progress",22.2,
77,38,4,2023-11-21,2024-01-30,Completed,100.0,69.4
78,39,6,2022-12-14,,"In Progress",50.3,
79,40,2,2023-11-02,2024-01-18,Completed,100.0,75.2
80,41,12,2022-10-26,2023-01-11,Completed,100.0,61.3
81,41,10,2022-11-30,2023-01-18,Completed,100.0,82.3
82,41,1,2022-12-14,2023-02-22,Completed,100.0,57.9
83,42,9,2024-02-08,,Dropped,10.1,
84,43,2,2022-06-20,2022-10-03,Completed,100.0,87.4
85,43,3,2022-05-05,,"In Progress",33.8,
86,44,2,2023-11-28,2024-03-05,Completed,100.0,100.0
87,44,7,2023-12-28,,Dropped,38.7,
88,45,6,2022-11-15,,Dropped,37.0,
89,46,8,2023-06-27,2023-08-29,Completed,100.0,80.9
90,47,8,2022-07-14,,Dropped,26.2,
91,47,11,2022-07-04,2022-10-03,Completed,100.0,97.9
92,47,5,2022-09-08,,"In Progress",28.5,
93,47,1,2022-06-04,2022-07-23,Completed,100.0,95.5
94,48,4,2023-03-22,,Dropped,15.7,
95,48,5,2023-03-07,,Dropped,0.8,
96,49,3,2023-04-02,2023-05-28,Completed,100.0,62.4
97,49,5,2023-03-10,2023-06-16,Completed,100.0,57.6
98,49,7,2023-03-30,,"In Progress",85.7,
99,49,10,2023-03-31,2023-05-19,Completed,100.0,98.7
100,50,6,2022-08-07,2022-09-04,Completed,100.0,88.9
101,50,8,2022-07-05,2022-08-30,Completed,100.0,76.5
102,51,12,2023-05-27,2023-08-12,Completed,100.0,72.3
103,51,5,2023-05-12,2023-09-08,Completed,100.0,97.2
104,51,2,2023-04-09,2023-07-02,Completed,100.0,100.0
105,51,3,2023-03-14,,"In Progress",29.6,
106,52,7,2023-05-12,,Dropped,18.7,
107,52,12,2023-05-09,2023-08-01,Completed,100.0,83.7
108,52,5,2023-08-05,2023-12-02,Completed,100.0,100.0
109,53,12,2023-04-05,2023-06-07,Completed,100.0,74.9
110,53,7,2023-03-26,2023-05-28,Completed,100.0,94.3
111,53,4,2023-04-09,2023-07-02,Completed,100.0,73.2
112,54,9,2024-02-29,2024-05-09,Completed,100.0,75.1
113,54,1,2024-01-16,2024-03-05,Completed,100.0,100.0
114,54,6,2024-01-21,2024-02-25,Completed,100.0,76.3
115,54,3,2023-12-21,2024-01-25,Completed,100.0,88.1
116,55,7,2023-11-14,2024-01-02,Completed,100.0,74.9
117,56,11,2023-09-18,2023-12-04,Completed,100.0,60.6
118,56,10,2023-10-26,2023-12-14,Completed,100.0,97.3
119,56,6,2023-10-05,2023-11-16,Completed,100.0,75.1
120,57,2,2022-01-02,2022-04-17,Completed,100.0,100.0
121,57,6,2022-04-05,,Dropped,4.4,
122,57,3,2022-01-14,2022-03-11,Completed,100.0,60.7
123,57,8,2022-01-14,2022-03-11,Completed,100.0,80.5
124,58,1,2023-10-06,,"In Progress",75.2,
125,58,11,2023-12-25,2024-03-04,Completed,100.0,96.8
126,58,6,2023-12-25,,"In Progress",82.1,
127,59,2,2023-02-28,,Dropped,28.0,
128,59,9,2022-12-08,2023-02-23,Completed,100.0,79.7
129,59,5,2023-02-10,,Dropped,31.3,
130,59,10,2023-02-05,,Dropped,11.7,
131,60,4,2023-12-22,,Dropped,24.1,
132,61,10,2022-11-27,2023-01-08,Completed,100.0,70.3
133,61,11,2022-11-21,,"In Progress",29.3,
134,61,9,2022-12-25,2023-02-26,Completed,100.0,84.3
135,62,10,2023-07-04,2023-08-01,Completed,100.0,80.3
136,63,8,2023-11-18,2024-01-27,Completed,100.0,63.4
137,64,5,2022-08-09,,"In Progress",75.8,
138,64,1,2022-10-12,,Dropped,8.9,
139,65,1,2023-04-18,2023-06-20,Completed,100.0,81.2
140,65,12,2023-07-18,2023-09-26,Completed,100.0,85.5
141,66,1,2023-12-08,,Dropped,10.8,
142,66,11,2023-12-25,,Dropped,11.8,
143,66,3,2023-11-22,2024-01-17,Completed,100.0,60.4
144,67,2,2023-08-23,,Dropped,13.5,
145,68,2,2023-11-18,2024-02-24,Completed,100.0,98.6
146,68,9,2024-02-06,,Dropped,15.3,
147,68,7,2023-11-29,2024-01-31,Completed,100.0,63.0
148,69,10,2023-09-05,2023-10-03,Completed,100.0,100.0
149,70,8,2024-01-05,2024-03-01,Completed,100.0,96.6
150,70,6,2024-01-17,2024-03-13,Completed,100.0,80.4
151,70,7,2023-11-03,2024-01-12,Completed,100.0,79.7
152,70,10,2023-12-25,2024-01-15,Completed,100.0,60.0
153,71,2,2022-09-16,,Dropped,12.8,
154,71,5,2022-10-01,2022-12-31,Completed,100.0,75.2
155,71,8,2022-11-21,,"In Progress",52.8,
156,71,1,2022-10-27,2023-01-05,Completed,100.0,95.2
157,72,11,2022-09-11,,Dropped,10.4,
158,73,5,2022-11-07,,Dropped,15.1,
159,73,4,2022-08-09,2022-11-01,Completed,100.0,91.5
160,74,10,2023-09-03,,"In Progress",91.5,
161,75,4,2023-06-13,2023-08-15,Completed,100.0,68.3
162,76,12,2023-02-20,,Dropped,19.8,
163,76,5,2023-01-08,2023-04-16,Completed,100.0,74.4
164,76,11,2023-02-14,2023-05-16,Completed,100.0,74.2
165,76,6,2023-03-09,2023-04-13,Completed,100.0,83.3
166,77,10,2023-08-15,,Dropped,23.3,
167,78,12,2022-08-11,2022-10-27,Completed,100.0,56.2
168,78,6,2022-08-06,,"In Progress",32.2,
169,78,9,2022-06-07,,Dropped,28.5,
170,78,5,2022-08-01,2022-11-07,Completed,100.0,78.0
171,79,11,2023-02-12,,"In Progress",35.1,
172,79,5,2023-01-04,2023-04-12,Completed,100.0,85.0
173,79,1,2023-01-11,2023-03-08,Completed,100.0,76.4
174,80,10,2022-04-23,,"In Progress",57.2,
175,80,9,2022-01-22,2022-04-02,Completed,100.0,86.1
176,80,2,2022-03-05,,"In Progress",42.8,
177,80,6,2022-04-22,2022-05-20,Completed,100.0,84.1
178,81,12,2023-11-12,2024-02-04,Completed,100.0,73.4
179,81,9,2024-01-30,,Dropped,11.5,
180,81,11,2023-12-03,,"In Progress",78.7,
181,82,4,2022-09-28,2022-12-14,Completed,100.0,86.7
182,83,5,2023-02-13,,Dropped,39.1,
183,83,4,2023-02-05,,Dropped,0.6,
184,83,10,2023-03-08,2023-04-19,Completed,100.0,58.0
185,84,11,2022-03-16,2022-06-01,Completed,100.0,62.0
186,84,12,2022-02-11,2022-05-06,Completed,100.0,68.6
187,84,8,2022-04-21,,Dropped,35.1,
188,85,12,2024-01-12,,Dropped,33.6,
189,85,7,2023-12-17,,Dropped,21.4,
190,85,3,2023-10-25,,Dropped,15.8,
191,86,5,2023-08-06,2023-11-12,Completed,100.0,97.5
192,86,12,2023-10-17,2023-12-26,Completed,100.0,59.2
193,87,9,2023-02-01,2023-04-12,Completed,100.0,50.0
194,87,11,2023-03-24,,Dropped,24.2,
195,87,4,2023-01-24,,Dropped,12.7,
196,88,11,2023-07-03,,Dropped,39.9,
197,88,6,2023-04-29,2023-05-27,Completed,100.0,63.6
198,88,7,2023-05-04,,"In Progress",26.3,
199,88,4,2023-07-06,2023-09-07,Completed,100.0,79.5
200,89,6,2023-07-07,2023-08-25,Completed,100.0,61.9
201,90,3,2022-06-03,2022-07-22,Completed,100.0,100.0
202,91,7,2022-12-28,2023-03-01,Completed,100.0,92.7
203,92,11,2022-10-15,2022-12-31,Completed,100.0,61.5
204,93,8,2023-04-03,2023-05-15,Completed,100.0,68.7
205,94,12,2022-03-06,,"In Progress",36.1,
206,94,1,2022-04-19,2022-06-28,Completed,100.0,81.9
207,95,7,2023-06-19,2023-08-07,Completed,100.0,76.1
208,95,10,2023-07-12,,Dropped,37.8,
209,96,6,2022-10-31,,"In Progress",54.4,
210,96,3,2022-10-14,,Dropped,38.3,
211,97,11,2022-07-21,2022-09-29,Completed,100.0,70.1
212,97,6,2022-08-06,2022-09-10,Completed,100.0,74.2
213,97,3,2022-07-31,2022-10-02,Completed,100.0,96.9
214,97,4,2022-09-25,,"In Progress",94.4,
215,98,12,2022-11-24,2023-02-09,Completed,100.0,82.1
216,98,5,2022-11-27,,Dropped,29.3,
217,98,4,2022-11-01,,"In Progress",52.0,
218,98,11,2022-10-19,2023-01-11,Completed,100.0,100.0
219,99,8,2023-10-07,2023-11-18,Completed,100.0,81.0
220,100,1,2023-12-21,2024-02-29,Completed,100.0,79.5
221,100,3,2023-12-15,2024-02-09,Completed,100.0,77.6
222,100,4,2024-01-21,,Dropped,13.1,
223,101,6,2023-06-16,,Dropped,38.8,
224,101,1,2023-06-18,2023-09-03,Completed,100.0,82.4
225,101,10,2023-06-14,2023-07-12,Completed,100.0,63.4
226,101,8,2023-06-11,2023-08-06,Completed,100.0,88.5
227,102,4,2023-07-11,2023-09-12,Completed,100.0,51.6
228,102,11,2023-08-20,2023-11-12,Completed,100.0,66.5
229,102,8,2023-07-07,2023-09-01,Completed,100.0,83.1
230,103,6,2022-12-09,2023-01-13,Completed,100.0,76.8
231,103,12,2022-12-08,2023-02-23,Completed,100.0,51.6
232,103,4,2022-11-02,2023-01-18,Completed,100.0,78.0
233,103,11,2022-09-20,2022-12-13,Completed,100.0,71.9
234,104,6,2023-04-13,,Dropped,27.4,
235,104,9,2023-04-12,,Dropped,8.2,
236,105,10,2023-10-20,,Dropped,16.9,
237,105,11,2023-11-13,2024-01-29,Completed,100.0,89.3
238,106,3,2022-08-08,,"In Progress",52.9,
239,106,5,2022-10-03,,"In Progress",84.3,
240,106,9,2022-08-04,,Dropped,38.2,
241,106,2,2022-07-01,,Dropped,31.5,
242,107,3,2022-05-03,,Dropped,27.6,
243,107,9,2022-04-06,,Dropped,22.7,
244,107,11,2022-02-24,2022-05-19,Completed,100.0,70.1
245,107,8,2022-02-04,,Dropped,29.5,
246,108,7,2022-11-08,,"In Progress",34.4,
247,109,6,2022-10-20,2022-12-15,Completed,100.0,74.4
248,109,4,2022-11-14,,Dropped,19.2,
249,110,8,2022-12-15,,Dropped,34.9,
250,110,12,2023-01-01,2023-03-12,Completed,100.0,100.0
251,110,11,2023-01-03,2023-03-14,Completed,100.0,69.6
252,110,3,2022-11-27,2023-01-08,Completed,100.0,72.3
253,111,6,2023-07-23,2023-08-20,Completed,100.0,88.4
254,111,12,2023-05-23,2023-08-08,Completed,100.0,60.2
255,111,2,2023-08-04,,Dropped,14.4,
256,112,8,2022-11-16,,Dropped,9.9,
257,112,9,2022-09-16,,Dropped,29.7,
258,112,10,2022-10-22,2022-11-12,Completed,100.0,83.3
259,112,5,2022-11-23,2023-03-08,Completed,100.0,64.8
260,113,2,2022-09-10,2022-12-24,Completed,100.0,74.0
261,113,7,2022-07-04,,"In Progress",93.3,
262,113,12,2022-08-25,2022-11-03,Completed,100.0,77.2
263,113,9,2022-07-16,2022-09-17,Completed,100.0,93.6
264,114,10,2023-06-09,2023-07-21,Completed,100.0,84.1
265,115,7,2023-03-13,2023-05-01,Completed,100.0,80.0
266,116,12,2023-07-11,2023-09-26,Completed,100.0,95.0
267,116,5,2023-05-15,2023-08-14,Completed,100.0,94.3
268,117,8,2022-04-01,2022-05-20,Completed,100.0,81.8
269,117,10,2022-01-06,,Dropped,14.6,
270,117,4,2022-01-21,2022-04-15,Completed,100.0,76.5
271,117,6,2022-02-02,2022-03-02,Completed,100.0,73.7
272,118,2,2023-05-29,2023-08-21,Completed,100.0,84.8
273,118,10,2023-08-31,2023-10-19,Completed,100.0,98.3
274,118,7,2023-08-06,2023-10-01,Completed,100.0,64.1
275,119,2,2023-06-09,,Dropped,8.8,
276,119,3,2023-07-06,2023-08-31,Completed,100.0,88.7
277,119,9,2023-06-03,2023-08-12,Completed,100.0,89.4
278,120,11,2022-04-25,2022-07-04,Completed,100.0,84.8
279,120,6,2022-07-07,2022-08-04,Completed,100.0,71.0
280,120,4,2022-06-13,,Dropped,18.3,
281,121,5,2022-12-22,2023-03-23,Completed,100.0,85.5
282,121,1,2023-02-01,2023-03-22,Completed,100.0,83.7
283,121,9,2022-11-07,2023-01-30,Completed,100.0,74.1
284,121,4,2022-11-30,2023-03-01,Completed,100.0,69.7
285,122,7,2023-09-09,,"In Progress",41.6,
286,122,10,2023-08-05,,Dropped,11.1,
287,123,12,2022-06-21,2022-09-06,Completed,100.0,72.4
288,123,11,2022-06-03,,Dropped,4.4,
289,124,11,2023-01-08,2023-03-19,Completed,100.0,69.4
290,124,8,2022-12-29,,Dropped,3.7,
291,125,7,2023-08-01,2023-10-17,Completed,100.0,80.0
292,125,6,2023-09-11,2023-10-16,Completed,100.0,98.6
293,126,1,2022-12-05,,"In Progress",91.2,
294,126,4,2022-12-03,2023-02-18,Completed,100.0,88.1
295,127,6,2023-04-03,2023-05-22,Completed,100.0,89.1
296,127,11,2023-04-03,,"In Progress",39.6,
297,127,12,2023-05-05,2023-07-28,Completed,100.0,88.1
298,127,2,2023-03-12,2023-06-25,Completed,100.0,97.7
299,128,10,2023-03-03,2023-04-07,Completed,100.0,69.5
300,129,4,2023-12-02,,"In Progress",45.1,
301,129,10,2024-01-07,,Dropped,14.5,
302,130,5,2023-12-12,2024-04-02,Completed,100.0,70.4
303,130,6,2023-11-15,2023-12-27,Completed,100.0,85.8
304,131,5,2023-07-20,,"In Progress",44.4,
305,131,9,2023-07-05,2023-09-06,Completed,100.0,60.4
306,132,4,2022-09-24,2022-12-17,Completed,100.0,62.9
307,132,11,2022-11-15,2023-02-21,Completed,100.0,84.1
308,132,5,2022-09-19,,Dropped,21.6,
309,133,2,2022-07-11,2022-10-10,Completed,100.0,74.7
310,133,11,2022-08-16,2022-11-01,Completed,100.0,93.0
311,134,3,2022-08-19,,Dropped,27.3,
312,134,11,2022-08-11,2022-11-17,Completed,100.0,81.3
313,134,4,2022-07-22,2022-10-21,Completed,100.0,95.6
314,135,12,2023-03-08,,Dropped,33.7,
315,135,10,2023-01-27,2023-03-10,Completed,100.0,74.7
316,135,7,2023-05-01,,Dropped,36.8,
317,136,8,2022-09-21,,"In Progress",77.5,
318,136,3,2022-11-15,,"In Progress",34.9,
319,136,4,2022-10-06,2022-12-15,Completed,100.0,72.8
320,137,3,2022-06-16,2022-08-18,Completed,100.0,56.2
321,137,1,2022-08-25,2022-10-13,Completed,100.0,58.9
322,138,12,2022-12-20,2023-02-28,Completed,100.0,54.8
323,138,6,2022-12-20,,Dropped,8.5,
324,139,6,2023-04-14,2023-05-19,Completed,100.0,68.9
325,140,7,2023-05-07,,"In Progress",46.1,
326,140,5,2023-02-23,2023-05-25,Completed,100.0,66.7
327,140,10,2023-04-10,2023-05-15,Completed,100.0,82.5
328,141,7,2022-09-18,2022-11-27,Completed,100.0,64.7
329,141,10,2022-09-06,2022-09-27,Completed,100.0,64.9
330,141,9,2022-10-28,2022-12-23,Completed,100.0,71.9
331,141,8,2022-11-06,,Dropped,26.8,
332,142,6,2024-01-04,,"In Progress",84.4,
333,142,7,2023-12-11,2024-02-26,Completed,100.0,75.2
334,143,5,2023-05-21,2023-08-20,Completed,100.0,94.6
335,143,8,2023-06-24,2023-08-05,Completed,100.0,66.9
336,143,3,2023-03-29,,"In Progress",89.9,
337,144,2,2023-06-07,,Dropped,17.1,
338,144,3,2023-03-18,2023-04-22,Completed,100.0,50.0
339,145,5,2022-08-11,2022-11-24,Completed,100.0,83.3
340,145,6,2022-07-21,2022-08-18,Completed,100.0,63.1
341,145,12,2022-08-18,2022-11-10,Completed,100.0,74.1
342,146,7,2022-07-07,2022-09-08,Completed,100.0,85.3
343,146,2,2022-07-19,2022-10-18,Completed,100.0,76.4
344,146,5,2022-07-10,,"In Progress",85.5,
345,147,11,2023-04-03,2023-06-26,Completed,100.0,53.1
346,148,8,2023-04-20,,Dropped,23.7,
347,149,10,2022-09-11,2022-10-02,Completed,100.0,91.3
348,149,5,2022-09-16,2022-12-16,Completed,100.0,70.1
349,150,11,2023-06-11,,"In Progress",47.8,
350,150,1,2023-05-20,,"In Progress",82.2,
351,151,11,2023-01-17,2023-04-25,Completed,100.0,79.9
352,152,6,2023-12-19,2024-02-13,Completed,100.0,66.3
353,153,7,2023-07-09,,"In Progress",86.2,
354,153,1,2023-08-20,2023-10-29,Completed,100.0,72.5
355,154,12,2022-12-03,,Dropped,29.9,
356,154,3,2022-10-25,2022-12-06,Completed,100.0,72.9
357,155,10,2023-01-06,2023-02-24,Completed,100.0,100.0
358,155,9,2023-02-18,2023-05-13,Completed,100.0,73.3
359,156,11,2022-06-19,,"In Progress",48.5,
360,157,12,2023-09-01,2023-12-01,Completed,100.0,74.3
361,157,11,2023-08-22,,Dropped,32.7,
362,157,6,2023-09-06,2023-10-11,Completed,100.0,93.3
363,158,11,2023-12-01,2024-02-16,Completed,100.0,88.8
364,159,4,2024-01-24,,"In Progress",20.1,
365,159,10,2024-02-16,,Dropped,30.6,
366,159,12,2024-02-02,2024-04-12,Completed,100.0,100.0
367,159,9,2024-01-09,2024-03-12,Completed,100.0,82.1
368,160,8,2022-11-29,,Dropped,32.4,
369,160,9,2022-11-26,2023-02-18,Completed,100.0,81.6
370,160,12,2022-10-02,,Dropped,19.5,
371,161,2,2023-07-29,,Dropped,17.1,
372,161,7,2023-08-24,2023-10-12,Completed,100.0,82.8
373,161,4,2023-09-15,,"In Progress",69.3,
374,162,7,2023-11-12,,Dropped,5.7,
375,162,2,2024-02-04,,Dropped,7.6,
376,162,3,2024-02-04,2024-03-24,Completed,100.0,84.9
377,163,7,2023-03-07,,Dropped,26.2,
378,163,10,2023-05-24,2023-06-21,Completed,100.0,58.1
379,163,1,2023-04-11,2023-06-20,Completed,100.0,77.3
380,164,8,2023-10-26,,Dropped,16.6,
381,165,10,2023-03-17,,"In Progress",41.1,
382,165,1,2023-04-01,2023-06-03,Completed,100.0,93.1
383,165,12,2023-04-18,2023-06-27,Completed,100.0,63.1
384,166,11,2022-06-14,,"In Progress",89.6,
385,167,7,2023-03-26,2023-06-11,Completed,100.0,72.2
386,167,5,2023-03-17,,"In Progress",79.7,
387,167,1,2023-03-11,2023-05-20,Completed,100.0,70.5
388,167,2,2023-02-25,,"In Progress",51.7,
389,168,5,2022-08-09,,"In Progress",86.8,
390,168,10,2022-07-26,2022-09-13,Completed,100.0,88.2
391,169,7,2023-02-05,,Dropped,17.9,
392,169,4,2023-04-12,,Dropped,39.6,
393,169,1,2023-01-22,2023-03-26,Completed,100.0,89.9
394,170,6,2023-04-28,,"In Progress",92.7,
395,170,1,2023-03-09,2023-05-25,Completed,100.0,72.6
396,171,2,2023-03-25,2023-07-08,Completed,100.0,100.0
397,172,2,2022-12-31,,"In Progress",61.6,
398,173,11,2023-09-24,,Dropped,18.5,
399,173,10,2023-11-05,2023-12-03,Completed,100.0,51.0
400,174,10,2022-08-13,2022-10-01,Completed,100.0,90.0
401,174,4,2022-09-10,,"In Progress",84.2,
402,174,11,2022-08-18,2022-10-27,Completed,100.0,70.1
403,174,6,2022-07-17,2022-08-28,Completed,100.0,95.7
404,175,3,2023-09-06,,"In Progress",21.6,
405,175,8,2023-10-07,2023-11-25,Completed,100.0,68.8
406,175,2,2023-08-15,,"In Progress",32.0,
407,175,11,2023-09-05,,Dropped,27.8,
408,176,12,2023-09-10,2023-11-26,Completed,100.0,100.0
409,176,3,2023-07-21,2023-08-25,Completed,100.0,76.7
410,176,2,2023-07-02,2023-09-17,Completed,100.0,76.5
411,176,6,2023-07-03,2023-07-31,Completed,100.0,83.1
412,177,5,2023-08-20,2023-11-19,Completed,100.0,100.0
413,178,5,2023-04-17,,Dropped,3.8,
414,178,10,2023-04-03,2023-05-22,Completed,100.0,88.7
415,178,12,2023-04-21,,Dropped,39.0,
416,179,1,2022-08-03,,Dropped,36.5,
417,179,8,2022-07-29,2022-09-16,Completed,100.0,77.3
418,179,7,2022-06-04,,Dropped,5.0,
419,180,10,2022-12-04,2023-01-15,Completed,100.0,90.3
420,180,6,2023-02-12,2023-04-09,Completed,100.0,74.3
421,180,3,2023-01-15,2023-02-19,Completed,100.0,89.5
422,181,11,2022-11-05,,Dropped,3.9,
423,181,10,2022-11-03,2022-12-15,Completed,100.0,92.5
424,181,1,2022-10-05,,"In Progress",29.0,
425,182,4,2022-08-18,,Dropped,6.5,
426,182,3,2022-07-30,,"In Progress",93.7,
427,182,12,2022-08-08,,Dropped,1.9,
428,183,2,2022-04-17,2022-07-10,Completed,100.0,71.4
429,184,6,2023-10-20,,Dropped,35.5,
430,184,5,2023-11-10,2024-02-23,Completed,100.0,75.0
431,184,4,2023-12-18,2024-03-11,Completed,100.0,100.0
432,184,9,2023-12-11,2024-02-05,Completed,100.0,54.3
433,185,3,2023-07-15,2023-09-09,Completed,100.0,88.1
434,185,8,2023-04-19,2023-06-28,Completed,100.0,77.2
435,186,6,2023-06-25,2023-08-13,Completed,100.0,94.8
436,186,5,2023-06-28,2023-10-11,Completed,100.0,91.3
437,187,2,2023-08-31,,Dropped,20.7,
438,187,10,2023-06-12,2023-07-24,Completed,100.0,64.3
439,188,12,2024-01-20,2024-04-13,Completed,100.0,96.3
440,188,9,2023-10-29,,Dropped,14.5,
441,189,2,2023-11-08,2024-01-24,Completed,100.0,78.9
442,189,12,2024-02-07,2024-04-17,Completed,100.0,79.8
443,189,10,2024-01-08,2024-02-12,Completed,100.0,79.7
444,189,4,2024-01-08,2024-03-18,Completed,100.0,92.0
445,190,4,2023-09-25,,"In Progress",38.4,
446,191,5,2023-05-17,,Dropped,27.7,
447,191,11,2023-04-27,,"In Progress",90.8,
448,192,12,2023-02-08,,Dropped,3.0,
449,193,11,2022-04-14,2022-06-30,Completed,100.0,67.8
450,193,5,2022-04-10,,"In Progress",80.3,
451,193,10,2022-06-11,2022-07-16,Completed,100.0,89.0
452,193,3,2022-04-20,2022-06-08,Completed,100.0,61.1
453,194,1,2022-03-16,,Dropped,32.5,
454,194,9,2022-03-23,,Dropped,26.5,
455,195,1,2023-04-14,2023-06-09,Completed,100.0,74.7
456,195,6,2023-05-17,2023-06-14,Completed,100.0,96.9
457,195,10,2023-05-13,,"In Progress",20.0,
458,196,10,2022-09-20,,Dropped,25.2,
459,197,12,2022-12-13,2023-03-14,Completed,100.0,72.6
460,198,12,2022-04-21,2022-06-30,Completed,100.0,86.6
461,198,4,2022-04-24,,Dropped,11.9,
462,199,1,2022-09-05,2022-10-24,Completed,100.0,87.0
463,199,6,2022-09-09,,Dropped,30.3,
464,199,4,2022-07-17,,"In Progress",91.1,
465,199,12,2022-09-07,2022-11-30,Completed,100.0,85.9
466,200,10,2023-03-08,2023-04-12,Completed,100.0,82.0
467,200,4,2023-04-02,2023-06-11,Completed,100.0,86.2
468,200,7,2023-03-20,,"In Progress",84.7,
469,200,6,2023-02-23,2023-03-23,Completed,100.0,77.5
470,201,11,2022-07-16,,Dropped,39.2,
471,201,10,2022-08-02,2022-08-23,Completed,100.0,73.3
472,201,4,2022-08-18,,"In Progress",30.6,
473,201,2,2022-07-15,2022-10-21,Completed,100.0,66.9
474,202,2,2022-11-13,2023-02-05,Completed,100.0,60.0
475,202,9,2023-01-25,2023-03-29,Completed,100.0,61.8
476,202,10,2022-11-26,,"In Progress",31.9,
477,203,7,2022-08-31,,Dropped,36.6,
478,203,3,2022-06-27,,Dropped,9.1,
479,203,10,2022-08-21,2022-09-25,Completed,100.0,50.0
480,203,4,2022-07-04,2022-10-03,Completed,100.0,65.7
481,204,1,2022-04-14,2022-06-30,Completed,100.0,83.1
482,204,4,2022-03-09,,"In Progress",79.5,
483,204,6,2022-05-09,2022-07-04,Completed,100.0,83.2
484,204,12,2022-03-14,,"In Progress",89.3,
485,205,8,2023-11-24,2024-01-05,Completed,100.0,100.0
486,205,12,2023-10-08,2023-12-31,Completed,100.0,78.5
487,205,2,2023-11-11,2024-02-03,Completed,100.0,76.3
488,205,7,2023-10-08,2023-12-24,Completed,100.0,68.1
489,206,2,2022-09-15,,"In Progress",39.2,
490,207,12,2023-07-28,,Dropped,38.0,
491,207,1,2023-06-30,2023-09-08,Completed,100.0,54.3
492,208,4,2023-01-08,2023-04-09,Completed,100.0,85.4
493,208,11,2023-01-22,2023-04-09,Completed,100.0,72.5
494,208,9,2022-11-19,2023-02-04,Completed,100.0,86.2
495,208,12,2022-11-27,2023-02-12,Completed,100.0,77.8
496,209,8,2022-07-15,2022-08-26,Completed,100.0,79.5
497,209,7,2022-05-30,,Dropped,18.7,
498,209,5,2022-07-25,2022-10-31,Completed,100.0,89.0
499,210,5,2023-08-22,2023-12-19,Completed,100.0,88.6
500,211,9,2022-06-12,2022-09-04,Completed,100.0,75.1
501,211,10,2022-07-15,2022-08-05,Completed,100.0,75.5
502,211,2,2022-08-29,2022-11-14,Completed,100.0,79.0
503,211,3,2022-06-15,2022-07-27,Completed,100.0,56.3
504,212,3,2022-04-28,2022-06-16,Completed,100.0,67.4
505,213,8,2022-11-26,,Dropped,24.6,
506,213,1,2022-09-07,,"In Progress",81.6,
507,214,6,2022-03-12,,Dropped,2.9,
508,214,4,2022-03-07,,Dropped,5.6,
509,214,10,2022-03-04,,Dropped,12.6,
510,214,9,2022-04-25,2022-06-27,Completed,100.0,74.1
511,215,5,2023-11-06,,Dropped,28.9,
512,216,12,2023-10-11,2023-12-20,Completed,100.0,66.9
513,216,8,2023-09-16,2023-11-11,Completed,100.0,93.9
514,216,1,2023-10-22,2023-12-31,Completed,100.0,76.9
515,216,7,2023-10-31,2023-12-19,Completed,100.0,85.5
516,217,3,2023-04-15,2023-06-17,Completed,100.0,71.0
517,218,5,2023-09-06,,Dropped,14.0,
518,218,11,2023-08-09,,"In Progress",23.1,
519,219,10,2023-04-08,2023-05-06,Completed,100.0,80.9
520,219,1,2023-04-15,2023-07-01,Completed,100.0,91.5
521,220,11,2023-08-28,,Dropped,31.6,
522,220,1,2023-09-04,2023-10-23,Completed,100.0,80.2
523,220,2,2023-07-06,,Dropped,33.9,
524,220,5,2023-07-25,,Dropped,17.1,
525,221,10,2023-04-17,,"In Progress",53.6,
526,222,10,2023-11-12,2023-12-10,Completed,100.0,87.8
527,222,8,2023-12-28,2024-02-08,Completed,100.0,79.8
528,222,7,2023-10-27,,Dropped,0.5,
529,223,6,2022-07-02,,"In Progress",44.5,
530,223,4,2022-09-02,2022-11-18,Completed,100.0,67.3
531,223,8,2022-10-01,2022-11-19,Completed,100.0,65.7
532,223,5,2022-09-29,,Dropped,4.5,
533,224,2,2022-03-30,,"In Progress",70.8,
534,224,1,2022-04-04,2022-06-13,Completed,100.0,72.8
535,224,9,2022-04-07,2022-06-16,Completed,100.0,79.4
536,225,7,2022-05-18,2022-08-03,Completed,100.0,90.8
537,226,9,2024-01-04,,Dropped,35.5,
538,226,8,2023-11-06,2023-12-25,Completed,100.0,86.6
539,227,11,2022-07-08,2022-09-16,Completed,100.0,84.3
540,227,8,2022-06-23,2022-08-25,Completed,100.0,80.7
541,227,7,2022-06-03,,Dropped,16.6,
542,228,7,2022-08-24,,"In Progress",33.6,
543,228,4,2022-07-26,2022-09-27,Completed,100.0,77.2
544,229,7,2023-05-26,2023-08-04,Completed,100.0,83.3
545,230,12,2022-11-27,2023-02-19,Completed,100.0,76.9
546,230,5,2023-02-06,,Dropped,1.8,
547,230,6,2023-02-06,,Dropped,13.1,
548,231,8,2023-03-22,2023-05-17,Completed,100.0,72.3
549,232,12,2023-02-21,,"In Progress",90.3,
550,233,10,2023-03-27,,"In Progress",79.5,
551,233,11,2023-04-26,,"In Progress",58.1,
552,234,5,2023-09-08,,Dropped,29.6,
553,234,3,2023-09-26,2023-11-14,Completed,100.0,88.9
554,234,9,2023-10-18,2023-12-27,Completed,100.0,81.3
555,235,8,2023-09-04,,"In Progress",36.2,
556,235,1,2023-08-17,2023-10-12,Completed,100.0,91.2
557,235,4,2023-09-19,2023-12-05,Completed,100.0,79.6
558,235,7,2023-10-20,2023-12-22,Completed,100.0,58.1
559,236,5,2022-03-29,,Dropped,24.9,
560,236,1,2022-01-27,2022-04-14,Completed,100.0,77.6
561,236,6,2022-04-16,2022-06-11,Completed,100.0,59.4
562,236,12,2022-02-20,2022-05-22,Completed,100.0,56.2
563,237,5,2023-06-16,2023-10-06,Completed,100.0,70.4
564,237,2,2023-06-12,2023-09-18,Completed,100.0,77.1
565,237,9,2023-07-04,,Dropped,13.9,
566,238,2,2022-04-28,2022-07-28,Completed,100.0,80.1
567,238,10,2022-06-12,,Dropped,16.9,
568,238,11,2022-04-15,,"In Progress",35.0,
569,238,1,2022-06-23,2022-09-01,Completed,100.0,86.3
570,239,2,2023-12-27,,Dropped,17.5,
571,240,11,2023-10-22,,"In Progress",76.2,
572,240,3,2023-12-28,2024-02-15,Completed,100.0,71.5
573,240,8,2023-11-28,,Dropped,32.0,
574,240,12,2023-10-22,2024-01-07,Completed,100.0,80.7
575,241,4,2022-12-03,,"In Progress",79.0,
576,242,10,2023-08-10,,Dropped,12.5,
577,242,1,2023-09-11,2023-11-06,Completed,100.0,65.9
578,242,8,2023-07-20,2023-09-21,Completed,100.0,57.9
579,243,6,2023-08-01,2023-09-12,Completed,100.0,69.0
580,243,10,2023-08-30,,"In Progress",41.0,
581,244,8,2022-03-18,2022-05-27,Completed,100.0,71.2
582,244,3,2022-04-14,,Dropped,26.9,
583,245,4,2022-06-20,2022-08-22,Completed,100.0,73.5
584,246,7,2023-01-12,2023-03-16,Completed,100.0,86.2
585,247,1,2022-10-16,2022-12-11,Completed,100.0,79.1
586,247,6,2022-09-19,2022-11-07,Completed,100.0,92.5
587,247,2,2022-10-21,,"In Progress",46.3,
588,247,7,2022-11-25,2023-02-03,Completed,100.0,82.4
589,248,6,2023-10-30,2023-12-11,Completed,100.0,78.9
590,248,3,2023-12-04,2024-01-08,Completed,100.0,54.4
591,248,10,2023-11-13,,"In Progress",72.5,
592,248,5,2023-11-10,,"In Progress",43.4,
593,249,1,2023-09-07,2023-11-02,Completed,100.0,82.7
594,249,8,2023-08-20,2023-10-15,Completed,100.0,84.7
595,249,9,2023-08-31,2023-11-02,Completed,100.0,69.7
596,249,6,2023-10-29,2023-12-03,Completed,100.0,78.3
597,250,5,2022-10-05,,Dropped,13.1,
598,251,10,2022-12-24,,"In Progress",26.2,
599,251,7,2023-01-04,2023-02-22,Completed,100.0,73.1
600,251,11,2022-12-28,2023-03-15,Completed,100.0,77.4
601,252,6,2022-03-14,2022-04-18,Completed,100.0,56.1
602,252,12,2022-03-12,,"In Progress",85.4,
603,253,9,2023-01-15,,Dropped,1.8,
604,254,8,2022-05-09,,"In Progress",74.3,
605,255,2,2022-12-09,,"In Progress",46.3,
606,255,12,2022-12-01,2023-02-02,Completed,100.0,69.5
607,255,7,2023-02-01,2023-04-12,Completed,100.0,83.5
608,255,5,2022-12-14,,Dropped,33.2,
609,256,7,2023-02-25,,"In Progress",85.5,
610,257,8,2023-08-08,,"In Progress",43.2,
611,258,3,2022-04-03,,Dropped,18.9,
612,258,8,2022-04-13,,Dropped,2.8,
613,259,11,2022-12-05,,"In Progress",68.3,
614,260,5,2023-01-18,2023-05-03,Completed,100.0,73.1
615,261,2,2023-10-05,2024-01-04,Completed,100.0,72.1
616,261,8,2023-10-10,2023-12-19,Completed,100.0,83.3
617,262,6,2022-12-23,,"In Progress",59.8,
618,262,12,2023-01-23,,Dropped,24.4,
619,262,7,2023-02-26,2023-05-14,Completed,100.0,72.2
620,262,2,2023-03-23,,"In Progress",55.9,
621,263,11,2022-02-17,,"In Progress",36.2,
622,263,2,2022-05-09,2022-08-01,Completed,100.0,51.3
623,263,12,2022-03-22,2022-06-21,Completed,100.0,80.2
624,264,3,2023-06-12,,"In Progress",42.2,
625,264,10,2023-06-18,2023-08-06,Completed,100.0,82.6
626,264,7,2023-08-20,,"In Progress",33.3,
627,265,12,2023-01-21,,"In Progress",46.4,
628,265,5,2023-01-28,,"In Progress",64.6,
629,265,6,2023-02-14,2023-04-11,Completed,100.0,87.2
630,266,7,2023-01-30,2023-04-03,Completed,100.0,76.1
631,266,10,2023-04-08,2023-05-20,Completed,100.0,82.5
632,266,3,2023-04-16,2023-05-21,Completed,100.0,95.7
633,266,12,2023-02-21,2023-05-09,Completed,100.0,83.6
634,267,12,2023-11-27,2024-02-05,Completed,100.0,89.9
635,267,4,2023-10-21,2024-01-06,Completed,100.0,80.2
636,268,8,2023-09-06,2023-10-25,Completed,100.0,55.1
637,268,3,2023-09-09,,Dropped,3.0,
638,268,5,2023-10-01,2024-01-07,Completed,100.0,63.7
639,269,12,2023-02-13,2023-05-01,Completed,100.0,88.4
640,270,8,2023-05-17,,Dropped,27.5,
641,270,7,2023-05-22,2023-07-10,Completed,100.0,82.6
642,271,11,2022-06-01,,Dropped,21.3,
643,271,5,2022-04-09,2022-07-30,Completed,100.0,85.4
644,272,6,2022-07-14,,Dropped,28.0,
645,273,1,2023-11-12,2024-01-21,Completed,100.0,52.0
646,273,4,2023-12-03,2024-02-11,Completed,100.0,73.4
647,274,5,2022-11-12,,Dropped,0.3,
648,274,8,2023-01-04,,"In Progress",77.5,
649,275,6,2023-01-16,,Dropped,16.0,
650,276,4,2022-06-08,,Dropped,6.5,
651,276,3,2022-07-09,,"In Progress",64.5,
652,277,3,2022-11-04,2023-01-06,Completed,100.0,100.0
653,277,9,2022-11-02,2023-01-04,Completed,100.0,73.5
654,277,4,2022-10-23,2022-12-25,Completed,100.0,89.0
655,277,10,2022-12-29,2023-02-02,Completed,100.0,76.9
656,278,9,2022-11-03,2023-01-12,Completed,100.0,69.4
657,278,2,2022-10-20,,Dropped,31.7,
658,279,12,2022-09-15,2022-12-08,Completed,100.0,78.3
659,279,11,2022-11-06,2023-01-22,Completed,100.0,82.1
660,279,8,2022-10-22,2022-12-17,Completed,100.0,66.4
661,280,2,2022-02-24,,Dropped,34.4,
662,280,12,2022-03-19,2022-06-11,Completed,100.0,78.7
663,280,7,2022-03-27,2022-05-29,Completed,100.0,100.0
664,280,9,2022-01-29,2022-03-26,Completed,100.0,85.6
665,281,11,2022-11-17,2023-02-02,Completed,100.0,68.8
666,282,2,2022-05-15,,Dropped,30.8,
667,282,3,2022-02-09,2022-04-06,Completed,100.0,98.1
668,282,12,2022-02-25,2022-05-20,Completed,100.0,71.8
669,283,11,2023-02-18,,"In Progress",46.9,
670,283,10,2023-03-01,,"In Progress",38.8,
671,283,12,2023-04-03,,"In Progress",92.6,
672,283,1,2023-04-28,2023-07-14,Completed,100.0,79.0
673,284,10,2023-08-31,2023-10-12,Completed,100.0,70.9
674,284,7,2023-09-22,2023-11-17,Completed,100.0,73.7
675,284,4,2023-10-20,2023-12-22,Completed,100.0,86.7
676,285,7,2022-06-20,,Dropped,11.9,
677,285,10,2022-07-21,2022-08-11,Completed,100.0,74.4
678,285,3,2022-07-01,,"In Progress",50.7,
679,286,9,2023-11-08,,Dropped,35.4,
680,286,1,2024-01-07,2024-03-17,Completed,100.0,89.1
681,287,9,2022-08-18,2022-11-03,Completed,100.0,90.6
682,287,12,2022-08-22,,Dropped,13.6,
683,287,6,2022-09-06,,"In Progress",78.2,
684,288,7,2022-06-05,2022-08-14,Completed,100.0,61.7
685,289,3,2023-05-22,2023-07-24,Completed,100.0,88.3
686,289,10,2023-06-08,,Dropped,12.4,
687,289,8,2023-07-05,,Dropped,13.2,
688,289,7,2023-04-03,,"In Progress",86.2,
689,290,5,2022-10-28,2023-02-24,Completed,100.0,76.2
690,290,3,2022-10-06,,"In Progress",90.5,
691,291,6,2023-02-16,2023-04-13,Completed,100.0,61.5
692,291,9,2022-12-24,2023-03-11,Completed,100.0,63.4
693,291,12,2022-12-19,2023-02-27,Completed,100.0,77.4
694,291,11,2022-12-11,,Dropped,16.4,
695,292,9,2022-07-14,2022-09-29,Completed,100.0,73.7
696,292,1,2022-08-04,,"In Progress",49.0,
697,293,3,2024-02-07,2024-04-10,Completed,100.0,79.2
698,293,8,2024-01-01,,Dropped,26.3,
699,294,11,2023-05-05,2023-07-28,Completed,100.0,78.8
700,294,1,2023-05-05,,"In Progress",43.6,
701,294,3,2023-04-21,,Dropped,28.3,
702,295,10,2023-08-13,2023-09-10,Completed,100.0,50.0
703,295,8,2023-07-14,,"In Progress",55.3,
704,295,11,2023-07-03,2023-10-09,Completed,100.0,67.8
705,296,1,2023-09-13,,Dropped,1.3,
706,296,4,2023-11-12,2024-01-21,Completed,100.0,65.3
707,297,8,2023-06-09,,Dropped,23.5,
708,297,12,2023-05-07,,Dropped,34.8,
709,297,10,2023-04-27,,Dropped,33.8,
710,298,10,2022-02-15,2022-03-08,Completed,100.0,87.0
711,298,4,2022-03-21,2022-05-23,Completed,100.0,82.3
712,298,6,2022-02-16,,"In Progress",79.3,
713,299,11,2022-04-13,,"In Progress",27.0,
714,299,8,2022-04-23,2022-06-04,Completed,100.0,72.0
715,299,9,2022-04-07,2022-06-23,Completed,100.0,69.8
716,300,7,2022-07-26,2022-09-20,Completed,100.0,76.4
717,300,12,2022-07-19,,"In Progress",39.6,
718,300,9,2022-07-01,2022-08-26,Completed,100.0,79.0
719,300,2,2022-06-15,2022-09-28,Completed,100.0,79.6
720,301,6,2023-03-22,,Dropped,30.9,
721,302,12,2023-02-17,,Dropped,16.7,
722,302,10,2023-05-12,2023-06-02,Completed,100.0,80.0
723,302,6,2023-02-13,2023-04-10,Completed,100.0,90.7
724,303,8,2023-10-02,,Dropped,21.6,
725,304,4,2022-07-22,,"In Progress",35.9,
726,304,11,2022-08-05,2022-11-11,Completed,100.0,100.0
727,305,11,2022-04-16,,Dropped,27.4,
728,305,6,2022-03-11,2022-04-15,Completed,100.0,74.0
729,306,1,2022-05-03,2022-07-12,Completed,100.0,70.1
730,306,7,2022-03-28,,"In Progress",29.2,
731,307,8,2022-05-30,2022-08-08,Completed,100.0,86.9
732,307,11,2022-03-12,2022-05-21,Completed,100.0,70.5
733,307,12,2022-05-28,2022-08-20,Completed,100.0,64.7
734,308,5,2024-01-09,2024-04-09,Completed,100.0,85.8
735,308,2,2024-02-13,2024-05-28,Completed,100.0,89.8
736,308,4,2024-01-16,,"In Progress",33.4,
737,309,8,2023-05-29,,"In Progress",63.6,
738,309,7,2023-04-16,2023-06-04,Completed,100.0,85.9
739,310,6,2023-11-15,2023-12-20,Completed,100.0,87.2
740,310,10,2023-10-22,2023-11-19,Completed,100.0,61.6
741,311,3,2023-08-01,,Dropped,16.9,
742,311,2,2023-08-16,,"In Progress",45.1,
743,311,11,2023-09-03,,"In Progress",88.6,
744,312,10,2023-07-21,,"In Progress",32.1,
745,312,8,2023-06-20,,"In Progress",74.6,
746,313,12,2023-11-05,2024-01-28,Completed,100.0,81.4
747,314,8,2023-05-31,2023-07-26,Completed,100.0,87.6
748,314,2,2023-06-04,2023-09-17,Completed,100.0,77.5
749,314,9,2023-04-19,2023-07-05,Completed,100.0,73.2
750,314,7,2023-04-19,2023-07-05,Completed,100.0,57.5
751,315,1,2023-11-06,2024-01-22,Completed,100.0,63.9
752,316,3,2023-07-01,2023-08-26,Completed,100.0,64.5
753,316,11,2023-06-18,,Dropped,12.3,
754,317,3,2022-05-28,,Dropped,8.3,
755,318,6,2022-10-02,2022-10-30,Completed,100.0,85.4
756,318,11,2022-11-08,,Dropped,24.3,
757,318,12,2022-10-16,2023-01-08,Completed,100.0,100.0
758,318,2,2022-09-18,2022-12-18,Completed,100.0,57.2
759,319,7,2023-01-20,2023-04-07,Completed,100.0,65.5
760,319,12,2023-02-28,,"In Progress",31.3,
761,320,7,2022-08-05,,Dropped,33.5,
762,320,6,2022-10-20,2022-12-15,Completed,100.0,68.7
763,321,3,2023-09-27,2023-11-29,Completed,100.0,76.7
764,321,10,2023-10-23,2023-11-27,Completed,100.0,84.4
765,322,2,2022-11-20,,Dropped,0.6,
766,322,6,2022-12-03,2023-01-21,Completed,100.0,71.1
767,323,6,2023-07-30,2023-09-24,Completed,100.0,78.2
768,323,3,2023-06-19,2023-07-31,Completed,100.0,98.5
769,323,2,2023-07-21,2023-10-06,Completed,100.0,72.5
770,324,12,2023-07-11,2023-10-03,Completed,100.0,92.4
771,324,11,2023-09-10,2023-11-19,Completed,100.0,79.2
772,324,3,2023-10-16,,"In Progress",85.2,
773,325,3,2022-03-04,2022-04-15,Completed,100.0,58.7
774,326,12,2023-04-08,2023-07-01,Completed,100.0,89.9
775,326,9,2023-03-01,2023-05-10,Completed,100.0,67.6
776,326,4,2023-02-26,2023-05-07,Completed,100.0,100.0
777,326,6,2023-04-15,,Dropped,36.2,
778,327,11,2022-03-23,,Dropped,24.2,
779,327,5,2022-02-03,,"In Progress",61.2,
780,328,11,2023-12-12,2024-02-20,Completed,100.0,85.4
781,329,2,2023-11-02,,Dropped,12.2,
782,329,6,2023-11-02,,"In Progress",62.6,
783,329,12,2023-11-21,2024-02-06,Completed,100.0,81.1
784,329,11,2023-11-18,,Dropped,17.9,
785,330,3,2023-05-17,,Dropped,5.5,
786,330,8,2023-07-01,2023-08-12,Completed,100.0,82.8
787,330,12,2023-07-09,2023-10-08,Completed,100.0,72.5
788,330,11,2023-06-23,,"In Progress",62.3,
789,331,12,2022-04-13,2022-07-06,Completed,100.0,68.8
790,331,4,2022-04-04,2022-06-13,Completed,100.0,93.0
791,332,1,2022-08-23,,Dropped,22.3,
792,332,6,2022-09-28,2022-10-26,Completed,100.0,74.2
793,333,2,2022-04-21,2022-07-14,Completed,100.0,75.3
794,333,6,2022-05-05,,Dropped,35.9,
795,333,10,2022-07-10,2022-07-31,Completed,100.0,69.6
796,333,1,2022-06-11,2022-08-20,Completed,100.0,81.3
797,334,11,2022-05-19,,Dropped,30.9,
798,335,8,2023-02-24,2023-05-05,Completed,100.0,78.1
799,336,11,2023-09-14,,Dropped,35.7,
800,336,7,2023-10-09,2023-12-04,Completed,100.0,100.0
801,337,11,2022-06-01,2022-09-07,Completed,100.0,95.4
802,337,2,2022-07-30,,Dropped,22.4,
803,338,8,2022-04-20,2022-06-01,Completed,100.0,81.3
804,338,9,2022-06-11,2022-08-27,Completed,100.0,72.7
805,338,6,2022-05-10,2022-06-07,Completed,100.0,82.4
806,338,10,2022-03-26,2022-05-07,Completed,100.0,71.5
807,339,10,2023-06-10,,"In Progress",38.3,
808,340,6,2023-11-29,,"In Progress",59.1,
809,340,7,2024-02-16,2024-04-26,Completed,100.0,91.8
810,340,10,2023-12-19,2024-01-23,Completed,100.0,74.0
811,340,5,2023-12-31,,"In Progress",27.4,
812,341,6,2023-12-07,2024-01-18,Completed,100.0,89.0
813,342,4,2023-06-01,,"In Progress",94.0,
814,342,11,2023-05-19,2023-08-18,Completed,100.0,95.2
815,342,5,2023-05-20,2023-09-02,Completed,100.0,61.1
816,343,7,2023-09-28,2023-11-30,Completed,100.0,57.9
817,343,12,2023-09-04,2023-11-27,Completed,100.0,80.3
818,343,1,2023-08-30,,"In Progress",91.2,
819,343,11,2023-08-17,,Dropped,34.2,
820,344,3,2023-03-03,2023-04-28,Completed,100.0,76.7
821,344,9,2023-02-15,2023-05-10,Completed,100.0,100.0
822,344,7,2023-01-14,2023-03-11,Completed,100.0,78.9
823,344,8,2023-03-07,2023-04-25,Completed,100.0,85.1
824,345,10,2023-08-21,2023-10-09,Completed,100.0,95.6
825,345,11,2023-10-31,2024-02-06,Completed,100.0,72.8
826,345,6,2023-10-26,2023-12-21,Completed,100.0,100.0
827,346,4,2023-07-11,,"In Progress",81.6,
828,347,7,2023-03-17,2023-05-05,Completed,100.0,84.8
829,347,1,2023-03-11,2023-05-27,Completed,100.0,62.3
830,347,5,2023-03-07,,Dropped,9.3,
831,347,8,2023-04-01,2023-05-27,Completed,100.0,62.5
832,348,3,2022-03-10,,Dropped,25.0,
833,349,8,2023-12-15,,"In Progress",92.8,
834,349,7,2024-01-19,,Dropped,19.2,
835,350,6,2023-05-14,,"In Progress",79.7,
836,350,11,2023-02-26,,Dropped,35.3,
837,351,1,2023-03-10,,Dropped,15.9,
838,351,3,2023-04-03,,"In Progress",49.3,
839,351,6,2023-03-15,,"In Progress",44.3,
840,351,5,2023-03-16,,"In Progress",82.4,
841,352,4,2022-03-03,2022-05-05,Completed,100.0,63.5
842,353,12,2023-05-28,2023-07-30,Completed,100.0,77.4
843,353,1,2023-05-29,2023-08-07,Completed,100.0,89.0
844,353,6,2023-04-13,2023-05-18,Completed,100.0,56.3
845,354,1,2023-05-27,2023-08-05,Completed,100.0,72.3
846,354,7,2023-04-07,,Dropped,26.7,
847,355,11,2023-08-26,,Dropped,11.8,
848,355,12,2023-07-01,,Dropped,5.2,
849,355,3,2023-08-09,,Dropped,7.5,
850,355,1,2023-08-04,,"In Progress",57.9,
851,356,2,2023-11-22,,"In Progress",69.8,
852,356,7,2023-12-10,2024-02-11,Completed,100.0,87.7
853,356,8,2023-09-20,,"In Progress",24.8,
854,356,5,2023-11-08,,Dropped,12.9,
855,357,9,2024-01-17,,Dropped,23.9,
856,357,1,2024-01-17,,Dropped,31.3,
857,358,9,2022-03-11,,Dropped,10.7,
858,358,4,2022-02-02,,"In Progress",88.7,
859,359,6,2022-09-21,2022-10-26,Completed,100.0,100.0
860,360,8,2023-02-13,,Dropped,36.3,
861,361,3,2022-08-01,2022-09-05,Completed,100.0,60.1
862,361,9,2022-05-26,2022-08-18,Completed,100.0,95.2
863,361,8,2022-06-09,2022-07-21,Completed,100.0,87.6
864,362,8,2022-04-24,,Dropped,24.5,
865,362,2,2022-06-07,2022-09-13,Completed,100.0,87.5
866,362,4,2022-06-11,,Dropped,13.0,
867,363,6,2022-03-11,,"In Progress",53.3,
868,363,1,2022-04-19,2022-06-21,Completed,100.0,72.6
869,363,11,2022-01-29,2022-04-30,Completed,100.0,81.8
870,364,1,2023-09-02,2023-11-11,Completed,100.0,96.0
871,365,2,2023-04-03,,"In Progress",67.2,
872,366,9,2022-07-30,,"In Progress",78.0,
873,367,9,2022-04-21,2022-07-07,Completed,100.0,77.9
874,367,2,2022-03-10,,Dropped,10.5,
875,368,10,2023-08-02,2023-09-20,Completed,100.0,72.3
876,368,9,2023-07-01,2023-08-26,Completed,100.0,71.7
877,368,8,2023-07-13,2023-09-14,Completed,100.0,66.1
878,369,12,2023-01-09,,"In Progress",64.8,
879,370,5,2023-12-30,,"In Progress",26.3,
880,370,2,2023-12-02,,Dropped,31.1,
881,371,7,2023-06-19,,"In Progress",61.8,
882,371,9,2023-08-30,2023-11-22,Completed,100.0,99.9
883,372,11,2023-12-05,2024-03-12,Completed,100.0,74.6
884,372,1,2023-12-22,2024-03-01,Completed,100.0,79.4
885,372,5,2024-01-27,,"In Progress",94.6,
886,373,8,2023-11-17,,Dropped,3.6,
887,374,2,2023-10-21,2024-01-13,Completed,100.0,73.0
888,374,11,2023-11-03,,"In Progress",51.9,
889,375,11,2023-08-11,,Dropped,18.1,
890,376,7,2023-09-04,2023-11-13,Completed,100.0,66.7
891,376,10,2023-07-27,2023-09-07,Completed,100.0,66.7
892,377,10,2022-05-16,,Dropped,35.2,
893,377,3,2022-06-20,2022-08-01,Completed,100.0,54.9
894,377,9,2022-05-03,,Dropped,26.5,
895,378,3,2022-10-25,2022-12-06,Completed,100.0,75.6
896,379,12,2022-06-12,2022-09-11,Completed,100.0,80.8
897,380,5,2023-02-26,,Dropped,0.6,
898,380,6,2023-03-21,2023-04-25,Completed,100.0,88.1
899,381,11,2022-05-25,,"In Progress",36.0,
900,382,1,2022-11-05,,"In Progress",63.6,
901,382,7,2023-01-11,,"In Progress",29.7,
902,383,12,2023-03-21,2023-06-06,Completed,100.0,81.3
903,384,6,2022-06-26,2022-08-21,Completed,100.0,81.5
904,384,5,2022-06-06,2022-09-05,Completed,100.0,70.7
905,384,10,2022-07-07,,Dropped,36.4,
906,385,4,2023-12-02,,Dropped,34.1,
907,385,8,2023-11-22,,"In Progress",68.6,
908,385,7,2023-10-17,2023-12-19,Completed,100.0,98.0
909,385,11,2023-12-29,,Dropped,31.0,
910,386,10,2022-05-21,2022-07-02,Completed,100.0,87.3
911,386,7,2022-06-23,2022-08-11,Completed,100.0,63.8
912,386,2,2022-05-09,2022-08-08,Completed,100.0,73.5
913,386,11,2022-05-26,,Dropped,28.7,
914,387,4,2023-09-21,2023-11-23,Completed,100.0,85.6
915,387,2,2023-11-03,,"In Progress",67.5,
916,387,9,2023-11-07,2024-01-09,Completed,100.0,72.8
917,387,1,2023-10-29,2024-01-07,Completed,100.0,89.1
918,388,5,2022-03-06,2022-06-26,Completed,100.0,99.1
919,389,10,2022-12-25,2023-02-05,Completed,100.0,86.3
920,389,8,2023-02-06,2023-03-27,Completed,100.0,79.2
921,389,9,2023-01-28,2023-04-01,Completed,100.0,76.6
922,390,1,2022-12-18,2023-02-26,Completed,100.0,81.1
923,390,7,2023-01-27,2023-03-17,Completed,100.0,73.5
924,390,5,2023-01-14,,Dropped,6.2,
925,390,4,2022-12-24,2023-02-25,Completed,100.0,85.3
926,391,4,2022-06-12,2022-08-21,Completed,100.0,78.5
927,391,1,2022-05-25,2022-08-10,Completed,100.0,61.2
928,392,1,2022-07-26,2022-09-20,Completed,100.0,76.3
929,392,4,2022-08-13,2022-11-12,Completed,100.0,93.2
930,392,2,2022-06-02,2022-09-15,Completed,100.0,73.4
931,392,12,2022-08-06,2022-11-05,Completed,100.0,84.9
932,393,11,2022-05-05,2022-07-21,Completed,100.0,68.4
933,394,6,2022-11-30,2023-01-11,Completed,100.0,78.4
934,394,12,2022-10-30,,"In Progress",74.9,
935,394,10,2022-10-11,,Dropped,18.8,
936,394,9,2022-12-01,2023-02-09,Completed,100.0,73.2
937,395,8,2023-09-07,2023-10-19,Completed,100.0,77.3
938,395,11,2023-10-19,,Dropped,4.4,
939,396,10,2023-05-05,,"In Progress",60.8,
940,396,12,2023-06-12,2023-09-04,Completed,100.0,65.7
941,396,6,2023-05-04,2023-06-29,Completed,100.0,79.9
942,397,11,2022-05-05,2022-07-14,Completed,100.0,85.1
943,397,2,2022-05-25,,Dropped,25.5,
944,397,9,2022-06-10,2022-08-26,Completed,100.0,92.9
945,398,9,2022-05-08,,Dropped,36.8,
946,398,11,2022-06-13,,"In Progress",25.0,
947,398,7,2022-05-19,2022-07-14,Completed,100.0,67.7
948,398,3,2022-05-05,,"In Progress",49.2,
949,399,3,2023-11-21,2024-01-23,Completed,100.0,85.9
950,399,5,2023-12-31,2024-04-28,Completed,100.0,74.9
951,399,1,2023-12-05,,"In Progress",60.6,
952,399,10,2023-12-03,2023-12-24,Completed,100.0,84.1
953,400,4,2022-07-16,,Dropped,31.9,
954,400,9,2022-07-08,2022-09-09,Completed,100.0,55.6
955,400,3,2022-07-05,,"In Progress",88.5,
956,401,3,2022-08-23,,Dropped,39.7,
957,401,7,2022-06-01,,"In Progress",83.6,
958,402,1,2022-04-11,2022-05-30,Completed,100.0,80.1
959,403,4,2022-12-15,2023-03-09,Completed,100.0,74.9
960,403,12,2022-11-12,2023-02-04,Completed,100.0,74.4
961,403,11,2023-01-18,,Dropped,39.7,
962,404,4,2022-03-15,,Dropped,38.4,
963,404,2,2022-04-24,2022-08-07,Completed,100.0,92.0
964,404,5,2022-04-03,,Dropped,16.9,
965,405,4,2023-10-17,2024-01-09,Completed,100.0,96.3
966,405,10,2023-09-17,2023-10-29,Completed,100.0,89.6
967,405,11,2023-09-22,2023-12-22,Completed,100.0,73.3
968,406,9,2022-10-04,2022-11-29,Completed,100.0,68.7
969,406,1,2022-12-12,2023-02-27,Completed,100.0,80.1
970,407,4,2023-06-17,2023-08-26,Completed,100.0,79.9
971,408,1,2022-08-05,2022-10-07,Completed,100.0,100.0
972,408,3,2022-06-16,2022-07-28,Completed,100.0,90.2
973,408,9,2022-08-06,,Dropped,32.1,
974,408,8,2022-07-04,,Dropped,16.6,
975,409,6,2023-02-26,,Dropped,20.5,
976,409,9,2022-12-01,2023-02-16,Completed,100.0,73.7
977,409,4,2023-02-18,2023-04-29,Completed,100.0,68.5
978,410,7,2022-05-29,2022-08-14,Completed,100.0,85.2
979,410,10,2022-05-12,,"In Progress",85.0,
980,410,8,2022-06-05,2022-07-24,Completed,100.0,93.2
981,411,9,2024-02-01,2024-04-11,Completed,100.0,85.9
982,411,10,2024-01-21,2024-03-03,Completed,100.0,81.3
983,412,9,2023-02-18,2023-05-06,Completed,100.0,74.4
984,412,8,2022-12-25,,"In Progress",50.2,
985,412,11,2023-02-24,2023-05-05,Completed,100.0,87.2
986,413,5,2022-07-21,2022-11-10,Completed,100.0,82.8
987,413,2,2022-06-10,,"In Progress",51.3,
988,413,1,2022-06-13,2022-08-29,Completed,100.0,74.7
989,413,4,2022-07-10,2022-09-18,Completed,100.0,81.2
990,414,7,2023-09-09,2023-11-18,Completed,100.0,55.9
991,414,10,2023-09-29,2023-10-20,Completed,100.0,72.5
992,414,1,2023-10-03,2023-11-28,Completed,100.0,71.1
993,415,8,2022-09-21,2022-11-23,Completed,100.0,64.3
994,415,6,2022-09-18,,"In Progress",52.6,
995,415,12,2022-08-28,,Dropped,2.1,
996,416,5,2023-09-13,,"In Progress",56.3,
997,416,4,2023-07-19,2023-10-11,Completed,100.0,84.9
998,416,1,2023-09-01,2023-10-27,Completed,100.0,80.6
999,417,2,2022-09-03,,"In Progress",38.1,
1000,417,9,2022-08-31,2022-11-16,Completed,100.0,78.2
1001,418,8,2023-04-02,2023-06-11,Completed,100.0,82.3
1002,418,7,2023-04-04,2023-05-23,Completed,100.0,74.2
1003,419,8,2024-01-13,,"In Progress",61.6,
1004,419,7,2024-02-12,,Dropped,6.2,
1005,420,10,2022-04-29,,Dropped,15.7,
1006,420,3,2022-06-19,,"In Progress",29.5,
1007,420,11,2022-04-06,,"In Progress",77.9,
1008,420,4,2022-05-20,2022-07-22,Completed,100.0,100.0
1009,421,6,2022-04-07,,Dropped,4.4,
1010,422,7,2023-01-30,2023-04-03,Completed,100.0,70.1
1011,423,6,2022-03-19,2022-04-23,Completed,100.0,75.8
1012,423,8,2022-03-27,2022-05-15,Completed,100.0,63.3
1013,423,4,2022-01-26,2022-04-27,Completed,100.0,71.4
1014,423,10,2022-01-27,,"In Progress",87.9,
1015,424,1,2022-02-05,2022-04-23,Completed,100.0,76.5
1016,424,8,2022-04-19,2022-06-21,Completed,100.0,60.8
1017,425,12,2022-09-20,,Dropped,10.3,
1018,425,4,2022-11-25,2023-02-10,Completed,100.0,88.4
1019,426,4,2022-09-25,2022-12-18,Completed,100.0,81.4
1020,426,3,2022-11-03,,"In Progress",32.1,
1021,427,12,2023-10-05,2024-01-04,Completed,100.0,85.6
1022,427,9,2023-09-12,,"In Progress",89.6,
1023,427,5,2023-10-03,,Dropped,3.2,
1024,428,3,2023-03-23,2023-04-27,Completed,100.0,55.3
1025,428,4,2023-04-04,,Dropped,29.8,
1026,428,12,2023-04-25,2023-07-11,Completed,100.0,79.8
1027,428,11,2023-06-23,2023-09-01,Completed,100.0,75.0
1028,429,9,2023-01-26,,Dropped,14.3,
1029,429,6,2023-02-08,2023-03-08,Completed,100.0,84.0
1030,429,1,2022-12-24,2023-03-04,Completed,100.0,90.0
1031,429,7,2023-01-09,,"In Progress",45.2,
1032,430,12,2022-04-24,,"In Progress",57.0,
1033,430,8,2022-05-11,2022-07-06,Completed,100.0,79.3
1034,431,7,2022-08-03,2022-09-21,Completed,100.0,71.5
1035,431,1,2022-09-27,2022-12-13,Completed,100.0,87.3
1036,431,6,2022-09-06,2022-10-11,Completed,100.0,63.5
1037,431,10,2022-10-12,2022-11-23,Completed,100.0,77.4
1038,432,3,2022-12-01,,"In Progress",42.7,
1039,433,7,2023-01-28,,"In Progress",77.6,
1040,433,2,2023-03-18,2023-06-03,Completed,100.0,78.4
1041,433,5,2023-01-09,,"In Progress",58.7,
1042,433,10,2023-02-26,2023-04-09,Completed,100.0,84.9
1043,434,2,2023-04-06,,"In Progress",55.6,
1044,434,8,2023-04-17,2023-05-29,Completed,100.0,80.7
1045,434,9,2023-03-24,2023-06-09,Completed,100.0,79.9
1046,435,9,2022-04-14,2022-06-16,Completed,100.0,95.6
1047,436,3,2023-11-15,2024-01-17,Completed,100.0,94.7
1048,436,2,2024-01-30,2024-04-30,Completed,100.0,74.6
1049,436,9,2023-11-26,,Dropped,8.7,
1050,436,12,2023-11-30,,Dropped,12.5,
1051,437,2,2024-01-10,,Dropped,10.7,
1052,437,12,2024-01-08,,Dropped,36.7,
1053,438,11,2022-04-28,2022-07-14,Completed,100.0,95.8
1054,438,5,2022-04-05,,Dropped,33.0,
1055,438,7,2022-04-17,2022-06-19,Completed,100.0,59.6
1056,439,9,2023-05-16,,Dropped,15.1,
1057,440,4,2022-04-06,2022-06-08,Completed,100.0,79.1
1058,441,5,2022-05-27,,Dropped,30.5,
1059,441,2,2022-04-22,,Dropped,16.5,
1060,441,3,2022-04-16,,Dropped,25.0,
1061,442,6,2022-12-15,2023-01-12,Completed,100.0,58.5
1062,443,12,2023-03-08,2023-05-17,Completed,100.0,73.4
1063,443,6,2023-02-11,2023-03-25,Completed,100.0,81.9
1064,443,3,2023-03-17,2023-05-05,Completed,100.0,69.3
1065,444,9,2022-09-20,2022-11-15,Completed,100.0,50.6
1066,444,2,2022-10-11,,Dropped,19.9,
1067,445,7,2022-12-05,,Dropped,18.3,
1068,445,12,2022-11-24,2023-02-02,Completed,100.0,74.8
1069,445,1,2022-10-21,2022-12-30,Completed,100.0,92.3
1070,445,5,2022-11-14,2023-02-20,Completed,100.0,96.2
1071,446,12,2022-05-07,,"In Progress",22.5,
1072,446,7,2022-04-18,2022-06-13,Completed,100.0,76.7
1073,447,3,2023-03-23,,Dropped,18.3,
1074,448,7,2023-08-23,2023-11-01,Completed,100.0,62.0
1075,448,4,2023-09-29,2023-12-22,Completed,100.0,56.5
1076,448,3,2023-10-17,2023-11-28,Completed,100.0,96.1
1077,449,3,2022-10-15,,"In Progress",79.8,
1078,449,8,2022-11-27,2023-01-22,Completed,100.0,90.0
1079,450,10,2022-07-01,,Dropped,16.5,
1080,451,4,2022-06-14,2022-08-16,Completed,100.0,82.2
1081,451,11,2022-06-04,,"In Progress",92.3,
1082,451,5,2022-05-27,2022-09-02,Completed,100.0,80.7
1083,452,10,2023-09-30,2023-10-28,Completed,100.0,67.1
1084,453,10,2023-12-08,2024-01-12,Completed,100.0,82.7
1085,454,11,2023-03-06,,"In Progress",29.6,
1086,454,10,2023-02-19,2023-03-19,Completed,100.0,71.6
1087,454,9,2023-02-11,2023-04-08,Completed,100.0,71.0
1088,454,6,2023-03-20,,Dropped,19.8,
1089,455,12,2023-08-18,,"In Progress",23.2,
1090,455,7,2023-09-05,2023-10-31,Completed,100.0,95.3
1091,455,6,2023-09-13,2023-10-11,Completed,100.0,65.7
1092,456,10,2022-10-20,,Dropped,24.6,
1093,456,11,2022-09-12,2022-12-19,Completed,100.0,82.7
1094,457,11,2023-01-07,,"In Progress",25.1,
1095,457,8,2023-02-15,,Dropped,24.9,
1096,458,7,2023-07-04,2023-09-19,Completed,100.0,74.5
1097,458,3,2023-05-15,2023-07-10,Completed,100.0,100.0
1098,458,2,2023-05-01,2023-07-24,Completed,100.0,91.0
1099,459,10,2022-01-08,2022-01-29,Completed,100.0,72.9
1100,460,6,2023-02-14,2023-03-14,Completed,100.0,64.9
1101,460,5,2023-03-12,,Dropped,12.5,
1102,460,10,2023-04-15,2023-05-27,Completed,100.0,79.3
1103,460,1,2023-02-23,,Dropped,29.4,
1104,461,2,2022-09-18,2023-01-01,Completed,100.0,79.5
1105,461,3,2022-10-24,2022-12-19,Completed,100.0,57.7
1106,461,8,2022-10-01,,"In Progress",36.0,
1107,461,9,2022-11-12,,Dropped,23.4,
1108,462,5,2022-06-19,2022-09-18,Completed,100.0,83.9
1109,462,7,2022-07-11,2022-09-19,Completed,100.0,69.9
1110,462,6,2022-05-12,,Dropped,7.8,
1111,463,1,2022-06-23,2022-09-01,Completed,100.0,79.8
1112,464,6,2023-04-08,,"In Progress",60.5,
1113,465,4,2023-08-26,2023-11-18,Completed,100.0,76.2
1114,465,2,2023-10-02,,"In Progress",84.8,
1115,466,2,2023-08-22,,Dropped,24.9,
1116,466,10,2023-08-07,2023-08-28,Completed,100.0,74.4
1117,466,7,2023-06-14,2023-08-09,Completed,100.0,54.9
1118,466,1,2023-07-04,,Dropped,25.6,
1119,467,10,2023-11-07,2023-12-26,Completed,100.0,86.6
1120,468,1,2023-06-27,,"In Progress",61.4,
1121,468,10,2023-06-17,,Dropped,2.9,
1122,468,8,2023-08-04,2023-09-15,Completed,100.0,83.9
1123,468,2,2023-06-11,2023-09-17,Completed,100.0,64.0
1124,469,9,2022-05-12,,"In Progress",37.3,
1125,469,1,2022-05-15,,"In Progress",83.7,
1126,469,8,2022-05-12,2022-07-14,Completed,100.0,67.2
1127,469,4,2022-04-18,,"In Progress",46.7,
1128,470,1,2022-11-03,2022-12-22,Completed,100.0,59.4
1129,471,9,2024-02-16,,"In Progress",75.9,
1130,471,4,2024-02-06,2024-04-23,Completed,100.0,62.5
1131,472,8,2023-07-29,2023-10-07,Completed,100.0,83.5
1132,473,12,2023-07-28,,Dropped,5.1,
1133,473,6,2023-05-14,2023-06-11,Completed,100.0,88.0
1134,473,1,2023-05-12,,"In Progress",41.8,
1135,473,7,2023-05-30,,"In Progress",91.4,
1136,474,1,2022-02-05,,Dropped,19.5,
1137,474,12,2022-04-13,,Dropped,18.6,
1138,474,11,2022-02-26,2022-05-28,Completed,100.0,85.6
1139,474,2,2022-03-16,,Dropped,16.6,
1140,475,2,2022-10-09,,"In Progress",56.7,
1141,475,3,2022-08-08,2022-10-03,Completed,100.0,100.0
1142,476,4,2023-12-29,,Dropped,11.0,
1143,477,5,2023-08-23,2023-12-20,Completed,100.0,66.2
1144,477,7,2023-08-25,,"In Progress",55.7,
1145,477,6,2023-08-18,,Dropped,4.8,
1146,477,2,2023-08-11,2023-11-17,Completed,100.0,84.2
1147,478,1,2023-08-23,2023-10-18,Completed,100.0,70.6
1148,478,7,2023-07-01,,"In Progress",84.2,
1149,478,6,2023-08-12,2023-09-16,Completed,100.0,73.9
1150,478,9,2023-09-26,,"In Progress",59.6,
1151,479,12,2022-07-03,,"In Progress",73.3,
1152,479,3,2022-06-16,,Dropped,23.0,
1153,480,4,2022-12-04,2023-03-05,Completed,100.0,89.4
1154,480,7,2022-10-26,,"In Progress",91.3,
1155,480,6,2022-12-13,2023-01-10,Completed,100.0,91.1
1156,480,2,2022-11-22,2023-02-14,Completed,100.0,80.2
1157,481,9,2022-07-31,2022-10-09,Completed,100.0,80.3
1158,481,5,2022-07-01,,Dropped,34.9,
1159,482,8,2023-07-16,2023-09-03,Completed,100.0,83.9
1160,482,5,2023-05-14,,Dropped,14.8,
1161,482,4,2023-08-05,,Dropped,13.3,
1162,483,9,2022-06-08,,Dropped,36.4,
1163,484,7,2023-04-09,,Dropped,12.5,
1164,484,12,2023-05-21,2023-07-30,Completed,100.0,73.0
1165,485,7,2023-07-22,2023-09-16,Completed,100.0,69.4
1166,485,2,2023-07-21,2023-10-06,Completed,100.0,75.7
1167,485,10,2023-06-30,2023-08-11,Completed,100.0,83.5
1168,485,12,2023-06-26,,"In Progress",29.3,
1169,486,3,2023-07-22,,Dropped,13.3,
1170,486,11,2023-06-29,,Dropped,22.5,
1171,487,7,2023-05-20,2023-07-08,Completed,100.0,59.7
1172,488,4,2023-04-14,2023-06-30,Completed,100.0,78.6
1173,488,9,2023-04-05,,Dropped,0.9,
1174,488,12,2023-03-05,,Dropped,28.6,
1175,488,7,2023-02-25,2023-04-29,Completed,100.0,58.1
1176,489,6,2022-10-02,2022-11-06,Completed,100.0,72.2
1177,489,3,2022-09-23,2022-10-28,Completed,100.0,82.8
1178,489,8,2022-07-11,2022-09-19,Completed,100.0,96.5
1179,490,12,2022-11-09,2023-02-08,Completed,100.0,66.5
1180,490,2,2022-12-31,,"In Progress",81.7,
1181,491,8,2022-09-01,2022-10-13,Completed,100.0,74.0
1182,492,7,2024-01-20,2024-03-16,Completed,100.0,68.6
1183,492,8,2024-03-03,2024-04-28,Completed,100.0,76.7
1184,492,2,2024-02-16,,Dropped,19.2,
1185,492,4,2024-02-15,2024-04-18,Completed,100.0,85.0
1186,493,4,2023-12-05,,"In Progress",44.8,
1187,493,9,2023-12-08,2024-02-09,Completed,100.0,73.6
1188,494,10,2022-08-21,,"In Progress",67.5,
1189,495,12,2023-02-23,,Dropped,26.0,
1190,495,9,2023-03-21,,"In Progress",42.1,
1191,496,7,2023-01-06,,Dropped,2.3,
1192,496,9,2022-10-17,2023-01-02,Completed,100.0,73.7
1193,496,5,2022-11-24,,Dropped,0.5,
1194,496,8,2023-01-13,2023-03-03,Completed,100.0,98.1
1195,497,5,2022-09-20,,"In Progress",77.6,
1196,497,9,2022-09-24,,Dropped,12.7,
1197,497,3,2022-11-06,2023-01-08,Completed,100.0,77.1
1198,497,1,2022-09-24,,"In Progress",85.6,
1199,498,10,2023-08-20,,Dropped,29.4,
1200,499,10,2022-10-11,2022-11-22,Completed,100.0,71.6
1201,499,7,2022-08-16,2022-10-11,Completed,100.0,83.6
1202,499,2,2022-08-22,2022-11-14,Completed,100.0,58.4
1203,499,11,2022-08-10,,Dropped,14.0,
1204,500,3,2023-12-08,,"In Progress",87.9,
1205,500,8,2024-01-06,2024-03-16,Completed,100.0,67.7
1206,500,6,2023-11-30,2024-01-04,Completed,100.0,83.9
1207,500,7,2024-01-11,,Dropped,35.0,
